<?xml version="1.0" encoding="UTF-8" standalone="yes"?>
<addon id="plugin.program.shazamwizard" name="Shazam Wizard" version="1.0" provider-name="Shazam">
  <requires>
    <import addon="xbmc.python" version="2.1.0"/>
  </requires>
  <extension point="xbmc.python.pluginsource" library="default.py">
    <provides>executable</provides>
  </extension>
  <extension point="xbmc.service" library="startup.py" start="startup" />
  <extension point="xbmc.addon.metadata">
    <summary lang="en">Shazam Wizard</summary>
    <description lang="en">Shazam Wizard allows you to get access to the latest Shazam Custom Builds.</description>
    <platform>all</platform>
  </extension>
</addon>